"gene_name","module"
"1","F6ZLC6","greenyellow"
"2","A0A1L1SQV7","greenyellow"
"3","Q01149","turquoise"
"4","Q5RIU1","turquoise"
"5","Q3V0W6","greenyellow"
"6","F6WM66","turquoise"
"7","Q8CJI4","cyan"
"8","Q8K3J1","yellow"
"9","Q925N0","brown"
"10","Q99LI2","turquoise"
"11","P07309","turquoise"
"12","A0A2R8VHF9","turquoise"
"13","Q810N9","yellow"
"14","B7ZCB8","yellow"
"15","Q9QZE5","brown"
"16","A0A0U1RP13","tan"
"17","Q5HZI2","greenyellow"
"18","E9Q9I2","grey60"
"19","Q8JZQ2","green"
"20","Q8C7D2","turquoise"
"21","O35954","black"
"22","P70188","brown"
"23","P04187","tan"
"24","Q5SUT0","brown"
"25","P62855","greenyellow"
"26","A0A0G2JFP9","yellow"
"27","E9Q812","turquoise"
"28","Q9Z1J3","yellow"
"29","D3Z2X2","yellow"
"30","D3Z4E3","turquoise"
"31","Q68ED7","turquoise"
"32","Q9R1P3","turquoise"
"33","P62317","lightgreen"
"34","Q5F2E8","turquoise"
"35","A0A0G2JGW5","brown"
"36","Q9JJZ2","yellow"
"37","A0A1D5RMH2","turquoise"
"38","Q8K2C9","pink"
"39","Q9QYE3","greenyellow"
"40","P24668","green"
"41","G3X9N3","green"
"42","A0A1W2P7H9","turquoise"
"43","Q8BWT1","turquoise"
"44","F6V9F1","tan"
"45","Q8CGP0","greenyellow"
"46","Z4YLQ1","turquoise"
"47","P51880","cyan"
"48","Q3UHX2","brown"
"49","Q922H2","green"
"50","A0A087","grey60"
"51","Z4YKQ9","yellow"
"52","A0A2I3BRT5","turquoise"
"53","Q8C729","turquoise"
"54","Q9CZS1","turquoise"
"55","P32921","turquoise"
"56","B1AZ85","yellow"
"57","E9Q7U8","turquoise"
"58","D3YV69","turquoise"
"59","Q8BUV3","yellow"
"60","Q9CPY7","turquoise"
"61","E9PUC2","yellow"
"62","O35215","red"
"63","A0A1W2P6P9","turquoise"
"64","P62309","black"
"65","Q60648","yellow"
"66","A2ARF6","green"
"67","P48722","brown"
"68","A0A286YDF2","turquoise"
"69","A0A1B0GS66","black"
"70","S4R1N6","turquoise"
"71","A0A1Y7VIQ5","green"
"72","Q9R0X4","green"
"73","O88531","midnightblue"
"74","A0A1C7CYU3","turquoise"
"75","Q99MN1","yellow"
"76","P55088","yellow"
"77","P51150","brown"
"78","Q8BSH2","yellow"
"79","Q9D0S9","yellow"
"80","P36993","tan"
"81","I7HLV2","green"
"82","J3QN87","turquoise"
"83","Q91ZA3","brown"
"84","Q08331","cyan"
"85","P06801","greenyellow"
"86","Q60771","brown"
"87","Q5PPR2","brown"
"88","Q9DBH5","turquoise"
"89","Q99KR7","green"
"90","Q8C170","greenyellow"
"91","P26041","yellow"
"92","Q80YD3","turquoise"
"93","E0CXI9","yellow"
"94","S4R2H5","purple"
"95","Q9QYP6","yellow"
"96","K3W4L8","pink"
"97","Q920G9","yellow"
"98","P98084","yellow"
"99","Q6NS52","tan"
"100","Q9JKR6","yellow"
"101","A0A1L1SUR7","brown"
"102","D3YU17","green"
"103","O35127","yellow"
"104","Q80YR4","brown"
"105","Q9DBE8","brown"
"106","A0A1B0GSH5","turquoise"
"107","Q6ZWZ6","purple"
"108","G3UYF9","purple"
"109","D3YZE7","turquoise"
"110","A0A1D5RL90","yellow"
"111","Q8K4T5","yellow"
"112","Q91WK5","lightgreen"
"113","B1ASP5","brown"
"114","B9EI21","blue"
"115","Q0VE82","green"
"116","E9Q9P4","black"
"117","Q9WVK4","turquoise"
"118","B9EKI5","pink"
"119","Q9QYB1","yellow"
"120","A0A0R4J083","brown"
"121","O54983","purple"
"122","Q8VEH5","green"
"123","Q61768","yellow"
"124","P0DP60","yellow"
"125","Q9DCN2","greenyellow"
"126","Q8BH40","turquoise"
"127","F8VQJ3","turquoise"
"128","Q8JZR6","black"
"129","E9Q616","lightgreen"
"130","J3QQ00","brown"
"131","P67984","tan"
"132","Q9QUR6","brown"
"133","G3V004","brown"
"134","Q9DB50","brown"
"135","Q9D1K2","green"
"136","A0A494BBG8","brown"
"137","Q9EQF6","lightgreen"
"138","Q64010","turquoise"
"139","P26048","yellow"
"140","P57759","turquoise"
"141","Q99KK7","purple"
"142","Q60597","yellow"
"143","D3Z6Z0","yellow"
"144","Q6NS60","turquoise"
"145","Q6ZPJ3","brown"
"146","P20152","green"
"147","Q9Z2X1","yellow"
"148","Q8CHX7","turquoise"
"149","D3YTK7","turquoise"
"150","Q5VCS6","brown"
"151","B2FDG7","yellow"
"152","A0A0A6YW23","brown"
"153","O70589","brown"
"154","Q61595","greenyellow"
"155","P62823","salmon"
"156","D6RIN4","green"
"157","Q9EQE2","yellow"
"158","Q8CIV8","green"
"159","Q922R8","yellow"
"160","Q9WV98","lightgreen"
"161","Q3UQ44","yellow"
"162","Q99KP3","yellow"
"163","A0A1D5RLS1","purple"
"164","P17156","lightgreen"
"165","P62192","purple"
"166","D3Z2H7","greenyellow"
"167","E9QA63","turquoise"
"168","E9Q2W9","brown"
"169","Q3TJ56","brown"
"170","P62073","tan"
"171","Q99JI4","brown"
"172","Q9CVB6","red"
"173","Q6Y685","green"
"174","A0A0G2JFF1","yellow"
"175","Q9Z2I8","brown"
"176","Q8BIW1","brown"
"177","Q6DFV8","turquoise"
"178","A0A140LHK6","yellow"
"179","Q8R001","yellow"
"180","P84104","yellow"
"181","E9QN44","cyan"
"182","A2A547","yellow"
"183","Q8BGD5","pink"
"184","D3YXG2","green"
"185","Q05793","turquoise"
"186","Q9WV54","green"
"187","Q9WUM3","purple"
"188","A0A3Q4EH04","brown"
"189","Q9CQX2","tan"
"190","Q8K4G5","yellow"
"191","Q3UVL4","turquoise"
"192","P70296","green"
"193","H3BJE9","black"
"194","Q9CXT8","turquoise"
"195","Q9JI91","yellow"
"196","Q8CGA0","turquoise"
"197","Q9CPU4","tan"
"198","A0A2R8W6G1","brown"
"199","A0A2R8VHM1","brown"
"200","Q62465","green"
"201","A0A338P6X2","turquoise"
"202","P60764","yellow"
"203","F7BX42","yellow"
"204","A0A0G2JFI6","turquoise"
"205","Q9DBS1","green"
"206","A0A0R4J2B2","brown"
"207","Q9QYJ0","yellow"
"208","Q9CR26","yellow"
"209","A0A0A6YY72","yellow"
"210","Q920I9","brown"
"211","Q8BTI8","cyan"
"212","E0CXB1","brown"
"213","Q8BGN8","purple"
"214","P17742","lightgreen"
"215","A0A0N4SUX2","turquoise"
"216","P23242","purple"
"217","Q920P5","purple"
"218","F6RJV6","yellow"
"219","D6REG4","turquoise"
"220","P63028","turquoise"
"221","P53657","turquoise"
"222","Q9CZY3","purple"
"223","A0A140LJB1","turquoise"
"224","Q5NCM6","greenyellow"
"225","O88952","yellow"
"226","Q9CXD6","brown"
"227","F6VG18","brown"
"228","P14206","turquoise"
"229","Q8BUK6","yellow"
"230","Q00PI9","tan"
"231","Q8K396","green"
"232","A0A0N4SVT3","black"
"233","P56942","yellow"
"234","A0A0N4SVB8","purple"
"235","G3UYQ2","black"
"236","Q91ZP9","tan"
"237","E9PXA7","midnightblue"
"238","Q9CZU6","yellow"
"239","Q6PGF7","green"
"240","Q9JKK7","lightgreen"
"241","P08752","brown"
"242","P62962","brown"
"243","D3YZP9","green"
"244","Q921W0","yellow"
"245","E9Q3H7","blue"
"246","P27659","yellow"
"247","E9Q4T8","green"
"248","Q3TZZ7","brown"
"249","P47911","purple"
"250","P61222","yellow"
"251","B1ARW4","green"
"252","A2APX3","brown"
"253","P46664","yellow"
"254","A0A2I3BQF4","yellow"
"255","O35737","yellow"
"256","Q61411","tan"
"257","Q8VHL1","purple"
"258","A0A2I3BQL9","green"
"259","P62077","purple"
"260","P57780","turquoise"
"261","Q7TMM9","green"
"262","Q7TME2","yellow"
"263","Q8VCR4","turquoise"
"264","B2RUJ2","brown"
"265","P61226","green"
"266","D3YWG9","brown"
"267","Q9D1E6","yellow"
"268","P52480","yellow"
"269","Q9D4I9","turquoise"
"270","E9Q1U8","green"
"271","P68369","brown"
"272","Q62433","black"
"273","O08583","turquoise"
"274","Q6ZQ06","turquoise"
"275","Q9JHG6","yellow"
"276","O54984","tan"
"277","Q8BVT9","purple"
"278","P68372","brown"
"279","P84078","turquoise"
"280","F6ZL69","lightgreen"
"281","A2RTH5","purple"
"282","A2ADI4","brown"
"283","Q99MN9","brown"
"284","Q8C5P5","brown"
"285","Q8R1N4","turquoise"
"286","Q9CPP6","yellow"
"287","Q5FWK3","turquoise"
"288","P61971","yellow"
"289","P13020","purple"
"290","B2KGR2","tan"
"291","P16297","brown"
"292","Q9D1T0","tan"
"293","P34914","yellow"
"294","A2ACG7","turquoise"
"295","Q8R0Y6","turquoise"
"296","G3UX45","salmon"
"297","Q8CJ61","turquoise"
"298","Q8R4N0","green"
"299","P62830","purple"
"300","P08249","greenyellow"
"301","F7BJK1","tan"
"302","Q91VN4","yellow"
"303","Q8R1Q8","yellow"
"304","P40240","red"
"305","P10711","yellow"
"306","A2ALU4","purple"
"307","E9QMK3","green"
"308","Q9DB05","turquoise"
"309","E9QN08","purple"
"310","A0A1W2P6P1","greenyellow"
"311","Q6P069","brown"
"312","Q9Z1N5","turquoise"
"313","Q6P8X1","green"
"314","Q8BMS4","brown"
"315","Q99K48","turquoise"
"316","Q8BP92","brown"
"317","A0A494BBE3","brown"
"318","Q9D1G1","green"
"319","P60867","greenyellow"
"320","P59242","blue"
"321","Q3TY60","brown"
"322","A0A2I3BRQ3","cyan"
"323","Q5DQR4","turquoise"
"324","A0A1Y7VKP8","green"
"325","P62259","green"
"326","A0A0A6YVU8","yellow"
"327","Q91XD7","magenta"
"328","H3BIW6","greenyellow"
"329","Q9CR61","turquoise"
"330","Q8R464","greenyellow"
"331","Q8BFR5","green"
"332","P10922","cyan"
"333","Q9EQQ9","yellow"
"334","P08122","turquoise"
"335","Q9D8E6","black"
"336","H3BL58","black"
"337","Q9CR98","green"
"338","P84086","cyan"
"339","O09114","green"
"340","A0A0J9YUD8","black"
"341","Q6P4T2","yellow"
"342","Q99JW2","black"
"343","P70404","yellow"
"344","F6X0V1","cyan"
"345","A0A494BAH5","greenyellow"
"346","Q9D6F9","green"
"347","G3UY33","yellow"
"348","Q93092","brown"
"349","J3QQ44","tan"
"350","G3X956","brown"
"351","P63024","turquoise"
"352","A2AL12","blue"
"353","A0A286YCF6","turquoise"
"354","Q5NC45","turquoise"
"355","P14733","turquoise"
"356","P60840","tan"
"357","O08749","cyan"
"358","O88587","turquoise"
"359","A0A3Q4L2U5","turquoise"
"360","Q9Z140","tan"
"361","F6ZQQ3","green"
"362","O09118","yellow"
"363","P50396","green"
"364","O88704","turquoise"
"365","P40142","green"
"366","P42125","yellow"
"367","Q9CWU3","green"
"368","Q60865","greenyellow"
"369","P47791","yellow"
"370","Q9D1M0","turquoise"
"371","M0QWY0","cyan"
"372","P13645","turquoise"
"373","P97355","greenyellow"
"374","Q8BHN3","turquoise"
"375","P70704","purple"
"376","Q9CQN3","turquoise"
"377","Q80X50","magenta"
"378","P62331","yellow"
"379","P48668","tan"
"380","Q9EP69","green"
"381","Q8BH58","yellow"
"382","E9Q8N8","yellow"
"383","Q9D0R2","black"
"384","Q99LT0","greenyellow"
"385","P19536","blue"
"386","P62315","cyan"
"387","Q5SVL6","tan"
"388","A0A0G2JDX4","brown"
"389","P12787","green"
"390","O70250","yellow"
"391","P70670","purple"
"392","Q9CQ91","greenyellow"
"393","Q9WUK2","turquoise"
"394","A0A1D5RML0","turquoise"
"395","F6RCU2","green"
"396","Q9JII6","brown"
"397","Q9CR62","tan"
"398","Q6NZD2","turquoise"
"399","A0A0R4J094","yellow"
"400","A0A0R4J0M1","brown"
"401","Q8C419","yellow"
"402","Q9JKB1","brown"
"403","P24527","yellow"
"404","P05213","brown"
"405","Q3UJU9","green"
"406","Q6URW6","brown"
"407","Q9CPT4","black"
"408","Q9DBC7","turquoise"
"409","P55012","pink"
"410","A2A9X5","turquoise"
"411","A0A2I3BR94","green"
"412","D3YYD5","greenyellow"
"413","A0A0H2UH27","turquoise"
"414","P41241","red"
"415","Q8BJY1","yellow"
"416","Q6P9K8","purple"
"417","Q9EPJ9","yellow"
"418","Q9CRB6","greenyellow"
"419","Q63912","black"
"420","P60761","red"
"421","Q9R111","greenyellow"
"422","F8WI35","red"
"423","P62806","red"
"424","Z4YLR9","turquoise"
"425","F6SH61","yellow"
"426","A0A1W2P799","green"
"427","Q3UGX2","turquoise"
"428","P17182","greenyellow"
"429","Q3TMU8","cyan"
"430","Q4VGL6","tan"
"431","Q9CPQ1","yellow"
"432","E9Q3M9","pink"
"433","P63101","green"
"434","P56480","green"
"435","Q68ED2","pink"
"436","P62484","pink"
"437","Q99LF4","purple"
"438","Q91VD9","purple"
"439","Q61941","brown"
"440","D3Z7P4","greenyellow"
"441","P80315","yellow"
"442","D3YUK4","lightgreen"
"443","D3Z2H9","blue"
"444","P47746","magenta"
"445","Q6P1J1","greenyellow"
"446","P02802","magenta"
"447","P97384","purple"
"448","Q3V2Y9","brown"
"449","O55057","turquoise"
"450","Q9CQJ8","yellow"
"451","Q9QYB5","yellow"
"452","P63216","black"
"453","A0A1B0GSA1","lightgreen"
"454","Q9DCR2","green"
"455","P35438","pink"
"456","A2A5R2","brown"
"457","P61161","purple"
"458","P35486","tan"
"459","Q99KY4","turquoise"
"460","A0A1Y7VNT1","magenta"
"461","Q3TXX4","green"
"462","O88745","blue"
"463","A0A0G2JGQ5","green"
"464","Q9CPU0","black"
"465","F6RQR3","pink"
"466","E0CZD7","tan"
"467","Q6PDG5","brown"
"468","Q8C7M3","red"
"469","P40124","cyan"
"470","P62627","green"
"471","Q8CAD1","turquoise"
"472","O55042","purple"
"473","Q8BWG8","lightgreen"
"474","Q8BW75","turquoise"
"475","P26883","brown"
"476","Q8VD62","purple"
"477","A2AH27","black"
"478","Q8BKZ9","greenyellow"
"479","A0A087WQE6","tan"
"480","P00761","purple"
"481","Q9D164","tan"
"482","A2AUK8","cyan"
"483","D3Z786","turquoise"
"484","E9PZ00","brown"
"485","D6RGM3","yellow"
"486","Q91WS0","magenta"
"487","O35857","magenta"
"488","P58389","green"
"489","F7CTF8","turquoise"
"490","E9Q7A8","yellow"
"491","Q9CR00","purple"
"492","A0A1B0GSQ6","tan"
"493","Q9Z1Z2","blue"
"494","P59999","yellow"
"495","Q9CZ13","greenyellow"
"496","A0A1Y7VJ48","greenyellow"
"497","Q80YA7","purple"
"498","Q99LX0","cyan"
"499","Q3UN10","brown"
"500","A0A0A6YY91","magenta"
"501","Q6PF96","green"
"502","D3YVI6","purple"
"503","Q63810","turquoise"
"504","Q8BFQ8","green"
"505","P47754","purple"
"506","P15864","turquoise"
"507","Q8JZK9","turquoise"
"508","A0A2R8VHJ0","pink"
"509","Q8BRB6","cyan"
"510","Q9CQ69","brown"
"511","P84075","greenyellow"
"512","P35908","lightcyan"
"513","P45878","turquoise"
"514","P26040","turquoise"
"515","Q9QXL2","purple"
"516","Q80SZ7","black"
"517","Q9D1X0","brown"
"518","P61982","greenyellow"
"519","E9PX29","brown"
"520","A0A0G2JDL3","yellow"
"521","Q9D0E1","turquoise"
"522","E9PYI8","blue"
"523","Q9D6J5","cyan"
"524","A2AGN7","turquoise"
"525","P11983","cyan"
"526","Q8CFV9","brown"
"527","Q91V12","cyan"
"528","Q99K46","blue"
"529","P68254","greenyellow"
"530","Q9Z130","magenta"
"531","Q9DCX2","green"
"532","Q6ZWZ7","magenta"
"533","Q6PB66","red"
"534","P12023","green"
"535","P09528","red"
"536","Q6P5F9","yellow"
"537","P02798","blue"
"538","Q7TMF3","green"
"539","P63260","green"
"540","Q8BPW9","yellow"
"541","Q6PGN3","yellow"
"542","Q03265","green"
"543","Q9D8W7","black"
"544","A0A0R4IZX5","purple"
"545","P63038","blue"
"546","Q8R105","blue"
"547","Q61166","brown"
"548","Q8BRV5","black"
"549","A2BE93","blue"
"550","O88543","black"
"551","D3YYG8","lightgreen"
"552","Q60625","tan"
"553","E9Q2A6","green"
"554","Q8C605","black"
"555","P62908","brown"
"556","Q8BK30","blue"
"557","F8WIT2","yellow"
"558","E9QNQ4","midnightblue"
"559","Q8K400","turquoise"
"560","Q9EPL8","pink"
"561","A0A0R4J0Q5","purple"
"562","P35802","brown"
"563","P03995","greenyellow"
"564","Q922D8","turquoise"
"565","Q9QZ05","red"
"566","O88998","turquoise"
"567","D3YVM5","green"
"568","Q91VW3","cyan"
"569","P63330","yellow"
"570","P06745","green"
"571","B1AU25","turquoise"
"572","P56564","brown"
"573","Q9WTL7","green"
"574","Q02053","tan"
"575","F6YNQ1","turquoise"
"576","Q61081","green"
"577","O88485","brown"
"578","F8WGT1","magenta"
"579","E9Q6I5","green"
"580","A0A1B0GRM4","turquoise"
"581","P05064","greenyellow"
"582","Q64332","green"
"583","M0QW69","black"
"584","Q99KU0","black"
"585","Q5SQB0","green"
"586","P50247","green"
"587","Q9QXV0","brown"
"588","Q8K1K2","blue"
"589","O08553","lightgreen"
"590","Q9D0F3","yellow"
"591","Q9WV18","turquoise"
"592","P63085","blue"
"593","P50516","green"
"594","Q9CQI6","blue"
"595","A0A1D5RM97","blue"
"596","P97492","yellow"
"597","Q9D0W5","green"
"598","F7CYX4","salmon"
"599","A0A0R3P9C8","brown"
"600","P62983","pink"
"601","Q8C163","pink"
"602","Q3UZP4","black"
"603","P00920","midnightblue"
"604","Q01768","turquoise"
"605","G3UY65","yellow"
"606","Q60605","brown"
"607","P62880","brown"
"608","P63318","green"
"609","Q8BVQ5","turquoise"
"610","A0A1B0GSG5","brown"
"611","Q9R0H0","black"
"612","Q9Z0S1","brown"
"613","A0A140LHL5","black"
"614","A2AJ20","blue"
"615","P63168","midnightblue"
"616","P62900","yellow"
"617","Q9CQA3","lightgreen"
"618","A0A0J9YUR5","green"
"619","Q9DCC5","purple"
"620","Q9D7S9","green"
"621","P24369","turquoise"
"622","S4R2K9","blue"
"623","Q9R0Q6","tan"
"624","Q9CQV8","greenyellow"
"625","P17183","blue"
"626","P17751","tan"
"627","D3YUT3","black"
"628","A0A087WR97","green"
"629","Q8BIZ1","green"
"630","Q9QXT0","turquoise"
"631","Q91WD5","brown"
"632","A0A0R4J0K1","cyan"
"633","Q3ULQ2","blue"
"634","Q8CFX3","black"
"635","P63325","black"
"636","D3Z2V6","pink"
"637","Q8CG76","turquoise"
"638","E9Q852","black"
"639","P47738","pink"
"640","Q9WTT4","cyan"
"641","P62743","tan"
"642","P07901","turquoise"
"643","P61759","magenta"
"644","Q80SW1","brown"
"645","P56393","lightgreen"
"646","A0A0A0MQM0","green"
"647","Q9CQC7","turquoise"
"648","Q9CRB8","turquoise"
"649","D3YUB9","turquoise"
"650","P48774","lightgreen"
"651","Q8BGQ7","green"
"652","A0A571BEM2","black"
"653","Q8BL65","magenta"
"654","Q62277","turquoise"
"655","P14106","magenta"
"656","Q924B0","lightgreen"
"657","H3BJP2","purple"
"658","Q4W8U9","blue"
"659","O09111","yellow"
"660","G3UYQ8","red"
"661","Q9ERS2","black"
"662","A2AP32","turquoise"
"663","P31230","turquoise"
"664","G3UZ28","tan"
"665","P63017","brown"
"666","Q91YD9","black"
"667","Q640R3","yellow"
"668","H3BIY2","turquoise"
"669","P47941","turquoise"
"670","Q6ZWX6","black"
"671","A2AWI7","green"
"672","P29341","cyan"
"673","Q8CAA7","brown"
"674","Q6PDS5","tan"
"675","O08848","tan"
"676","P04925","tan"
"677","A0A1D5RLD8","green"
"678","Q9D2V7","turquoise"
"679","P20108","blue"
"680","P26043","turquoise"
"681","P61082","grey60"
"682","Q8BGD9","magenta"
"683","E9Q855","brown"
"684","A0A0G2JER6","turquoise"
"685","A0A338P799","greenyellow"
"686","D6REI6","magenta"
"687","P60670","greenyellow"
"688","O70251","cyan"
"689","Q921J2","red"
"690","Q9JHI5","greenyellow"
"691","A0A0R4J252","turquoise"
"692","P20029","yellow"
"693","Q9CWJ9","brown"
"694","A0A087WSF5","yellow"
"695","Q99N15","yellow"
"696","A0A1W2P7Y9","purple"
"697","P23116","magenta"
"698","Q9D2N9","blue"
"699","Q80VP1","yellow"
"700","P70333","salmon"
"701","P62918","green"
"702","G5E8R3","green"
"703","Q29ZQ5","black"
"704","Q9D1A2","green"
"705","G3UZ48","turquoise"
"706","Q99LD4","tan"
"707","A2RT62","purple"
"708","P97807","blue"
"709","O55022","turquoise"
"710","Q9DAK9","blue"
"711","Q9ER72","blue"
"712","Q8BG39","brown"
"713","A1BN54","turquoise"
"714","Q8CJH3","black"
"715","A2A6U3","greenyellow"
"716","P16014","black"
"717","Q9CXZ1","blue"
"718","P05063","cyan"
"719","Q8BH44","yellow"
"720","F6ST32","green"
"721","D6RIJ2","greenyellow"
"722","Q6PDM2","purple"
"723","A2AEV7","cyan"
"724","Q5EBP8","black"
"725","G3X9P1","greenyellow"
"726","E0CXN5","black"
"727","O88384","pink"
"728","F6VTS9","lightcyan"
"729","Q6NZL0","grey60"
"730","A0A0G2JGY8","red"
"731","P50153","turquoise"
"732","D6RFB9","blue"
"733","P48320","red"
"734","Q9R0P9","blue"
"735","Q8VE33","salmon"
"736","F8WHL1","tan"
"737","Q3U4W8","green"
"738","A0A1Y7VM80","midnightblue"
"739","Q4VA93","tan"
"740","P60122","turquoise"
"741","Q3TC33","turquoise"
"742","P28663","blue"
"743","F6QC68","brown"
"744","A0A494BB86","blue"
"745","Q80UW2","purple"
"746","E9Q6U4","blue"
"747","O55126","cyan"
"748","Q3TT92","magenta"
"749","A2AAW9","brown"
"750","Q91V89","turquoise"
"751","A0A0R4J263","brown"
"752","Q8VDD5","purple"
"753","O35465","purple"
"754","Q99M28","salmon"
"755","Q9WU78","turquoise"
"756","P54071","pink"
"757","E9QLJ0","magenta"
"758","J3QP71","brown"
"759","P36916","cyan"
"760","O08539","greenyellow"
"761","Q8CDN6","yellow"
"762","P47753","turquoise"
"763","P24472","yellow"
"764","P80316","blue"
"765","Q91WM2","grey60"
"766","Q00493","green"
"767","P05202","cyan"
"768","E0CZH6","blue"
"769","Q9D8B3","magenta"
"770","Q9DCZ4","pink"
"771","Q6GYP7","pink"
"772","P00493","magenta"
"773","P68510","blue"
"774","A0A1D5RMG4","blue"
"775","A0A3Q4EBU5","turquoise"
"776","Q4KMM3","grey60"
"777","P62482","black"
"778","Q8CDG3","turquoise"
"779","F8WIR1","green"
"780","J3QN06","pink"
"781","Q9D3D9","cyan"
"782","Q8BTZ7","turquoise"
"783","P17809","brown"
"784","P27773","magenta"
"785","Q3UHY7","blue"
"786","Q9Z2U1","cyan"
"787","P80318","purple"
"788","Q9DB77","yellow"
"789","P99024","blue"
"790","E9Q1K3","cyan"
"791","Q8K1M3","green"
"792","Q9QYS9","yellow"
"793","Q9QYB8","purple"
"794","P35762","black"
"795","Q8VCD6","red"
"796","G3UW57","purple"
"797","P25444","magenta"
"798","P30275","green"
"799","P19246","midnightblue"
"800","P62874","turquoise"
"801","Q9JII5","lightcyan"
"802","A0A0A0MQB7","magenta"
"803","G3UVV4","tan"
"804","Q9D287","blue"
"805","Q8BL66","greenyellow"
"806","Q6ZPE2","pink"
"807","Q61171","blue"
"808","P16330","midnightblue"
"809","Q9R062","grey60"
"810","P63276","tan"
"811","G5E8R0","blue"
"812","Q9D2G2","brown"
"813","B0V2N1","cyan"
"814","A0A2R8VI25","red"
"815","Q62348","blue"
"816","Q8BV13","salmon"
"817","P60335","green"
"818","Q3UHJ0","green"
"819","Q8BW96","greenyellow"
"820","P68368","black"
"821","Q921L6","cyan"
"822","Q4FE56","pink"
"823","A0A0A6YY29","brown"
"824","Q9D051","blue"
"825","Q61361","greenyellow"
"826","Q3TXS7","black"
"827","Q99L13","green"
"828","A0A0G2JGJ1","black"
"829","Q3UM45","blue"
"830","Q9D1L0","yellow"
"831","E9Q175","black"
"832","Q9Z268","magenta"
"833","P46638","red"
"834","Q29SA9","turquoise"
"835","A0A140T8U1","blue"
"836","Q8CBG6","purple"
"837","P10630","brown"
"838","Q99PT1","blue"
"839","Q9D9V3","magenta"
"840","E9PVA8","greenyellow"
"841","B1AVY7","turquoise"
"842","O35449","black"
"843","P08551","midnightblue"
"844","B2RXS8","blue"
"845","P99029","turquoise"
"846","P17563","blue"
"847","P48678","black"
"848","E9Q401","black"
"849","Q8BH66","brown"
"850","A2ABY3","green"
"851","O88844","lightgreen"
"852","F8VPN4","pink"
"853","A0A0R4J0I9","yellow"
"854","O54991","green"
"855","H3BK66","blue"
"856","P48036","brown"
"857","Q9CZT8","lightcyan"
"858","A0A0N4SWH2","magenta"
"859","Q8C3F2","cyan"
"860","O88741","purple"
"861","O55106","magenta"
"862","Q80TL0","blue"
"863","P63044","turquoise"
"864","Q99KI0","purple"
"865","P09103","cyan"
"866","Q5SXE4","pink"
"867","Q9Z2I9","blue"
"868","Q8BFZ9","brown"
"869","Q91VE0","yellow"
"870","Q62419","salmon"
"871","P70699","black"
"872","Q3UHB8","black"
"873","P53996","blue"
"874","Q62420","blue"
"875","Q9QXS1","yellow"
"876","Q9D394","greenyellow"
"877","Q9QX11","black"
"878","D3Z3A0","blue"
"879","Q8K2B3","cyan"
"880","Q8CBD0","lightgreen"
"881","Q52KF7","turquoise"
"882","Q99KJ8","blue"
"883","O88342","magenta"
"884","F7BX26","cyan"
"885","Q6KCD5","lightcyan"
"886","E0CY16","blue"
"887","Q9DBN4","blue"
"888","P28184","red"
"889","Q9CYT6","brown"
"890","H7BWZ3","black"
"891","A0A0A6YX18","tan"
"892","P97300","cyan"
"893","G3UZJ5","blue"
"894","Q9CWS0","blue"
"895","A0A0G2JGY9","turquoise"
"896","P40237","midnightblue"
"897","O08532","greenyellow"
"898","P18760","magenta"
"899","Q9JLJ2","brown"
"900","Q9CZ44","purple"
"901","F2Z488","turquoise"
"902","Q08509","black"
"903","P35235","magenta"
"904","B9EJA2","brown"
"905","P70232","grey60"
"906","Q9Z0R4","brown"
"907","P61027","grey60"
"908","Q9DCD0","magenta"
"909","Q91YS4","yellow"
"910","A0A0R4IZY0","greenyellow"
"911","A0A1Y7VNP4","lightgreen"
"912","Q3V3V9","magenta"
"913","P32883","yellow"
"914","P63011","magenta"
"915","P84309","brown"
"916","Q3UHL1","magenta"
"917","P27601","green"
"918","Q8R574","tan"
"919","Q64521","brown"
"920","A0A1B0GRW3","yellow"
"921","Q99J99","turquoise"
"922","Q3UH99","cyan"
"923","O08585","blue"
"924","Q68FG2","purple"
"925","P61089","red"
"926","Q9D0I9","green"
"927","O88569","turquoise"
"928","Q9CQV6","lightcyan"
"929","Q8C048","tan"
"930","A0A140LJF4","red"
"931","Q9JJV2","blue"
"932","Q9WVA2","tan"
"933","P80317","tan"
"934","Q8K021","green"
"935","P70202","magenta"
"936","A0A494BAX5","brown"
"937","P62754","magenta"
"938","E9QA74","greenyellow"
"939","P30416","black"
"940","P58281","green"
"941","Q9CR68","grey60"
"942","O88935","turquoise"
"943","Q9DCT8","grey60"
"944","Q8VBV7","turquoise"
"945","A2APV2","red"
"946","Q62186","salmon"
"947","A0A494BBL4","tan"
"948","P35803","red"
"949","P61979","greenyellow"
"950","P56391","blue"
"951","Q3UMR5","blue"
"952","P28474","blue"
"953","Q6PH08","blue"
"954","Q8CIE6","pink"
"955","Q62048","magenta"
"956","E9Q4G8","brown"
"957","Q9QUP5","blue"
"958","Q8K354","red"
"959","P62814","blue"
"960","A0A1W2P838","blue"
"961","Q9DBG3","greenyellow"
"962","Q8BH59","black"
"963","A0A2C9F2D2","black"
"964","Q9D6T9","greenyellow"
"965","Q91V14","black"
"966","P62748","magenta"
"967","P61922","blue"
"968","Q67FY2","lightcyan"
"969","Q9EQ20","midnightblue"
"970","P28667","blue"
"971","Q64133","green"
"972","Q9WVE8","grey60"
"973","O70435","midnightblue"
"974","P42932","tan"
"975","Q80WM4","greenyellow"
"976","A0A494BAD8","pink"
"977","Q3UHD9","blue"
"978","P31938","turquoise"
"979","Q9EPK7","cyan"
"980","A0A0G2JDJ5","brown"
"981","B1AWN6","green"
"982","Q8C5R8","cyan"
"983","E0CX19","black"
"984","Q8R5H6","grey60"
"985","A0A0U1RP30","lightcyan"
"986","E9Q7Q3","greenyellow"
"987","P09411","blue"
"988","P26443","brown"
"989","P29758","greenyellow"
"990","D3YTP8","blue"
"991","Q7TQF7","magenta"
"992","P15105","blue"
"993","Q64514","brown"
"994","Q6NVD0","pink"
"995","Q9CQE8","brown"
"996","A0A2I3BPL6","black"
"997","A0A140","red"
"998","A0A3Q4EI12","brown"
"999","Q8K0D5","turquoise"
"1000","E0CXD9","cyan"
"1001","P31324","green"
"1002","Q9QXY6","tan"
"1003","G3UZY2","blue"
"1004","P62715","tan"
"1005","Q8CI94","turquoise"
"1006","Q9JIG8","brown"
"1007","A0A0G2JGQ6","turquoise"
"1008","Q7TS64","magenta"
"1009","P14148","red"
"1010","P46460","magenta"
"1011","A0A0R4J1F4","turquoise"
"1012","Q62418","lightgreen"
"1013","Q99JB2","blue"
"1014","Q61553","lightgreen"
"1015","Q60737","magenta"
"1016","P46471","red"
"1017","Q9D0F9","green"
"1018","Q9WV34","brown"
"1019","Q5M8N0","blue"
"1020","G5E884","turquoise"
"1021","Q61330","salmon"
"1022","Q11136","green"
"1023","Q80Y86","midnightblue"
"1024","G3UXT7","blue"
"1025","F8WHU8","black"
"1026","B2RSH2","black"
"1027","P34022","green"
"1028","P17427","magenta"
"1029","Q924M1","magenta"
"1030","Q6ZWZ4","red"
"1031","Q64G17","magenta"
"1032","O54774","pink"
"1033","Q61696","magenta"
"1034","E9Q9A3","blue"
"1035","Q9D8Z2","salmon"
"1036","D3Z5T2","red"
"1037","O88737","tan"
"1038","Q6VH22","brown"
"1039","P62334","turquoise"
"1040","V9GX61","blue"
"1041","E9QAX7","grey60"
"1042","O89053","greenyellow"
"1043","P14685","salmon"
"1044","P20917","midnightblue"
"1045","P62774","blue"
"1046","Q8BMF4","magenta"
"1047","E9PZC4","red"
"1048","A0A1D5RME4","pink"
"1049","Q9Z1P6","brown"
"1050","A0A1L1STE6","blue"
"1051","Q32NY4","red"
"1052","Q3UEB3","magenta"
"1053","Q5DTY9","brown"
"1054","A0A3B2WBF0","blue"
"1055","Q9CXS4","pink"
"1056","P70441","brown"
"1057","Q8R010","grey60"
"1058","Q80X81","magenta"
"1059","Q8BMF3","blue"
"1060","P16332","tan"
"1061","A0A338P7C0","blue"
"1062","Q3TF41","blue"
"1063","P47708","purple"
"1064","P12960","blue"
"1065","Q8BU30","lightcyan"
"1066","Q5SSM3","lightgreen"
"1067","P50580","brown"
"1068","P31786","black"
"1069","Q99LC3","black"
"1070","P84084","turquoise"
"1071","A2AMW0","magenta"
"1072","Q3TA40","blue"
"1073","A0A1B0GSR9","green"
"1074","Q8K0U4","greenyellow"
"1075","H3BJU7","pink"
"1076","Q501P1","red"
"1077","Q9CQC6","pink"
"1078","A0A338P7D7","pink"
"1079","Q80XN0","black"
"1080","E9PUM4","tan"
"1081","B7ZNL2","blue"
"1082","P48356","red"
"1083","A0A2I3BRG2","turquoise"
"1084","P59281","magenta"
"1085","Q8C0E2","pink"
"1086","Q3TUQ7","magenta"
"1087","Q01097","salmon"
"1088","P08113","grey60"
"1089","Q3TMH2","blue"
"1090","B1AT92","brown"
"1091","Q2M3X8","lightgreen"
"1092","Q05816","red"
"1093","D3Z2J6","red"
"1094","Q5SRX1","blue"
"1095","Q5SXR6","blue"
"1096","Q9DCW4","grey60"
"1097","P08553","midnightblue"
"1098","P20357","red"
"1099","D3Z1U9","midnightblue"
"1100","P28652","magenta"
"1101","P46660","midnightblue"
"1102","O55143","turquoise"
"1103","O35326","magenta"
"1104","Q8R0S2","midnightblue"
"1105","Q9CWZ7","blue"
"1106","F7B5B5","pink"
"1107","Q61655","blue"
"1108","P62264","tan"
"1109","Q3UUI3","lightcyan"
"1110","P20065","blue"
"1111","Q9ESF1","grey60"
"1112","P32037","red"
"1113","Q9D172","blue"
"1114","A9JEI5","red"
"1115","Q60668","blue"
"1116","Q8VIJ6","lightcyan"
"1117","P70663","greenyellow"
"1118","Q62093","blue"
"1119","S4R1C4","pink"
"1120","Q32Q92","blue"
"1121","P28650","red"
"1122","Q8VDN2","brown"
"1123","Q8C522","yellow"
"1124","Q9JM52","blue"
"1125","A0A140LIR6","salmon"
"1126","E9PVM1","red"
"1127","E9PV44","black"
"1128","A2AS98","pink"
"1129","Q99KP6","salmon"
"1130","D3YUZ8","cyan"
"1131","Q91WK2","red"
"1132","P62881","pink"
"1133","D3YY38","red"
"1134","A0A2I3BRL8","cyan"
"1135","O35551","salmon"
"1136","O35114","grey60"
"1137","Q8R326","blue"
"1138","Q9Z1S5","black"
"1139","A0A494BBF6","red"
"1140","Q04447","green"
"1141","P84096","lightcyan"
"1142","Q61656","red"
"1143","F7BQW7","blue"
"1144","D3YYM6","salmon"
"1145","D3YTQ9","blue"
"1146","A2AU61","blue"
"1147","Q76MZ3","midnightblue"
"1148","Q9Z1G4","red"
"1149","Q8BGX2","pink"
"1150","B1AXW5","midnightblue"
"1151","Q62318","purple"
"1152","E9Q2X2","blue"
"1153","Q06185","pink"
"1154","Q9R1Q8","blue"
"1155","A2A8E2","lightcyan"
"1156","P19157","blue"
"1157","Q80TZ3","magenta"
"1158","P70195","blue"
"1159","Q9WUA6","pink"
"1160","Q91VA7","blue"
"1161","Q9Z1B3","blue"
"1162","Q5F258","lightcyan"
"1163","Q9QYR6","blue"
"1164","P09405","red"
"1165","Q99PU5","blue"
"1166","Q922S4","magenta"
"1167","Q01853","blue"
"1168","Q8K0T0","blue"
"1169","P97797","tan"
"1170","O35682","red"
"1171","P56371","magenta"
"1172","Q9WUC3","red"
"1173","A0A0J9YVC1","pink"
"1174","Q6X893","red"
"1175","Q99N28","blue"
"1176","Q91VT4","blue"
"1177","Q9CQR4","salmon"
"1178","B1AQZ0","midnightblue"
"1179","P56382","blue"
"1180","Q9WUA2","red"
"1181","Q6ZQ38","grey60"
"1182","B2RXT3","blue"
"1183","Q8BHL5","midnightblue"
"1184","Q9WV55","salmon"
"1185","A3KGU7","red"
"1186","E9Q6M6","red"
"1187","A0A0G2JF64","black"
"1188","D3YTP3","blue"
"1189","Q8BMG7","blue"
"1190","P58252","blue"
"1191","P62751","red"
"1192","Q8QZY1","midnightblue"
"1193","Q9R0Y5","blue"
"1194","F7D3N3","midnightblue"
"1195","Q8CAQ8","pink"
"1196","A0A0U1RPX4","red"
"1197","Q64727","salmon"
"1198","A0A0U1RNJ1","red"
"1199","Q8C854","blue"
"1200","E9Q171","salmon"
"1201","Q9QUI0","pink"
"1202","E0CYQ2","pink"
"1203","P62301","red"
"1204","A3KGU5","red"
"1205","D3Z3B8","lightcyan"
"1206","F6WYM0","midnightblue"
"1207","Q9D7I5","midnightblue"
"1208","Q9D819","blue"
"1209","Q9ES97","green"
"1210","P21279","green"
"1211","Q6DFY2","magenta"
"1212","Q61879","blue"
"1213","Q925I1","lightcyan"
"1214","G3UWE1","black"
"1215","D3YYX5","lightcyan"
"1216","Q8BH57","blue"
"1217","P63005","grey60"
"1218","Q6NVF0","blue"
"1219","Q61753","midnightblue"
"1220","B1AX95","blue"
"1221","Q9JIG7","blue"
"1222","Q8CGK3","red"
"1223","P05201","blue"
"1224","Q8VDM4","red"
"1225","Q61598","magenta"
"1226","Q8K212","pink"
"1227","Q99KC8","lightcyan"
"1228","A0A0R4J1E3","red"
"1229","Q60692","blue"
"1230","Q9ERD7","black"
"1231","A0A3B2WBM3","black"
"1232","E9PUD2","red"
"1233","P63040","red"
"1234","P10852","blue"
"1235","Q99LC5","magenta"
"1236","P10605","red"
"1237","Q9CPV4","red"
"1238","D3YVP5","salmon"
"1239","Q3V037","blue"
"1240","Q9D6J6","blue"
"1241","P45591","midnightblue"
"1242","O35685","blue"
"1243","P35564","red"
"1244","E9PZG0","lightcyan"
"1245","Q9R0P5","blue"
"1246","O35295","red"
"1247","E9Q5Q8","blue"
"1248","Q791V5","blue"
"1249","P38647","midnightblue"
"1250","P97450","blue"
"1251","Q91YQ5","blue"
"1252","Q3UHC9","blue"
"1253","P51859","red"
"1254","Q91WH7","red"
"1255","P00405","salmon"
"1256","A2AE03","blue"
"1257","O54829","red"
"1258","P11881","lightcyan"
"1259","Q02248","red"
"1260","A0A571BEW4","salmon"
"1261","P10637","blue"
"1262","Q7TQI3","black"
"1263","Q9DCT2","midnightblue"
"1264","Q6ZWQ5","turquoise"
"1265","Q91VR5","blue"
"1266","Q61316","blue"
"1267","Q5DTL9","pink"
"1268","Q9JM51","blue"
"1269","Q9D8N0","red"
"1270","Q6R891","lightcyan"
"1271","D3YVJ7","blue"
"1272","O70443","blue"
"1273","A0A3B2W820","salmon"
"1274","D3Z636","blue"
"1275","Q8BGH2","blue"
"1276","Q3KQM4","salmon"
"1277","Q921F4","red"
"1278","Q9JHU4","blue"
"1279","B1AQX6","blue"
"1280","Q8BNU0","black"
"1281","Q8CGC7","red"
"1282","D3YY36","red"
"1283","P63213","blue"
"1284","P54823","blue"
"1285","Q6ZWR6","red"
"1286","Q8R5L1","blue"
"1287","B1ATY9","blue"
"1288","Q11011","red"
"1289","P21126","salmon"
"1290","Q9JHK4","blue"
"1291","P48962","red"
"1292","Q8CI78","blue"
"1293","E9PUM3","salmon"
"1294","Q6PIC6","grey"
"1295","Q8K0S0","red"
"1296","D3YYT0","midnightblue"
"1297","Q8VHI6","blue"
"1298","P28738","blue"
"1299","P04370","lightcyan"
"1300","P47963","red"
"1301","P48318","blue"
"1302","G5E8H1","salmon"
"1303","G3UXX3","salmon"
"1304","Q3TWV4","salmon"
"1305","Z4YJL4","red"
"1306","D3Z560","red"
"1307","Q9ESN6","red"
"1308","Q4VAE3","red"
"1309","Q9ESJ4","salmon"
"1310","Q8VDP4","salmon"
"1311","Q9JI95","red"
"1312","P62137","red"
"1313","Q8BMS1","red"
"1314","Q61792","red"
"1315","Q9Z2Q6","red"
"1316","A2AEW9","red"
"1317","Q3TYE5","red"
"1318","P11798","blue"
"1319","Q9WU01","blue"
"1320","P60879","blue"
"1321","Q9D0M1","blue"
"1322","P54775","blue"
"1323","Q6PHU5","red"
"1324","P35282","salmon"
"1325","P97315","pink"
"1326","G3UX26","pink"
"1327","Q8BWF0","blue"
"1328","Q9CQW1","blue"
"1329","P53994","blue"
"1330","Q91XU3","salmon"
"1331","A0A286YDL6","red"
"1332","Q9R1V7","salmon"
"1333","V9GXV7","midnightblue"
"1334","Q8BYR5","red"
"1335","O35129","salmon"
"1336","A0A0N4SUV3","black"
"1337","E9Q0G1","red"
"1338","Q9QZX7","blue"
"1339","D3Z1H8","lightcyan"
"1340","Q99JY9","blue"
"1341","Q8BPN8","lightcyan"
"1342","Q6IRU5","blue"
"1343","Q91ZR1","salmon"
"1344","A0A2R8VK70","midnightblue"
"1345","P99026","pink"
"1346","D3Z568","blue"
"1347","Q61011","blue"
"1348","Q71M36","blue"
"1349","P67778","red"
"1350","Q80Y14","red"
"1351","O35226","lightcyan"
"1352","Q9Z0E0","salmon"
"1353","P10126","red"
"1354","Q8CC35","red"
"1355","Q3V117","midnightblue"
"1356","Q9Z2D6","blue"
"1357","Q9QZM0","salmon"
"1358","G5E924","midnightblue"
"1359","Q9DC07","red"
"1360","A0A0N4SVL9","blue"
"1361","Q5SW88","red"
"1362","Q920N7","red"
"1363","Q9WV60","lightcyan"
"1364","A0A3B2WCD8","greenyellow"
"1365","Q60932","salmon"
"1366","Q9CQ62","blue"
"1367","O55091","red"
"1368","A0A338P7E5","lightcyan"
"1369","P0DP28","red"
"1370","Q6Q477","salmon"
"1371","P51863","blue"
"1372","O35678","magenta"
"1373","F6VVY4","lightcyan"
"1374","Q8BSZ2","red"
"1375","P42669","red"
"1376","E9Q2H8","blue"
"1377","F6R307","magenta"
"1378","Q9D2P8","lightcyan"
"1379","E9PWP6","pink"
"1380","Q99PL5","blue"
"1381","Q9D0T1","pink"
"1382","P19783","lightcyan"
"1383","P28740","red"
"1384","A0A338P6E5","pink"
"1385","Q9CQH7","red"
"1386","Q9WTR5","pink"
"1387","Q3U4F0","blue"
"1388","P0DN34","blue"
"1389","Q91V41","red"
"1390","Q9JKV5","salmon"
"1391","Q8BKC5","green"
"1392","F8VQF9","red"
"1393","P80313","blue"
"1394","Q8BZ98","black"
"1395","Q8R366","salmon"
"1396","E9Q6L0","black"
"1397","Q80XI4","salmon"
"1398","Q9D517","lightcyan"
"1399","J3JS22","blue"
"1400","P14873","pink"
"1401","P57746","purple"
"1402","Q99JP7","red"
"1403","Q9EPN1","brown"
"1404","Q8VEK3","lightgreen"
"1405","E0CYT5","midnightblue"
"1406","P43274","brown"
"1407","Q99P72","red"
"1408","F6QKK2","grey60"
"1409","Q9CRY7","red"
"1410","A0A1B0GRR3","red"
"1411","Q9D832","salmon"
"1412","Q8K596","red"
"1413","Q61771","turquoise"
"1414","A0A286YCQ0","black"
"1415","G3UYV7","magenta"
"1416","Q9D0K2","black"
"1417","P80314","blue"
"1418","Q923Z0","red"
"1419","A2AC24","blue"
"1420","D3YZA1","greenyellow"
"1421","E0CZ78","black"
"1422","P63268","blue"
"1423","P17426","black"
"1424","F6T9H9","magenta"
"1425","Q99020","red"
"1426","Q99JY0","blue"
"1427","O08795","red"
"1428","Q3U1J4","blue"
"1429","Q9CZW5","black"
"1430","F6TFN2","salmon"
"1431","D3YWK1","magenta"
"1432","Q80UE4","pink"
"1433","Q9QYK5","blue"
"1434","A0A0G2JDN7","black"
"1435","G3UZX6","red"
"1436","Q149F3","red"
"1437","Q80TL4","red"
"1438","O35704","midnightblue"
"1439","B7ZNF6","blue"
"1440","Q3ULJ0","lightcyan"
"1441","P39053","pink"
"1442","Q6XE40","red"
"1443","Q9CR16","red"
"1444","A2ALS7","magenta"
"1445","Q8BWW3","blue"
"1446","A0A0G2JF72","pink"
"1447","P15532","magenta"
"1448","Q8BK64","black"
"1449","A0A140T8I9","red"
"1450","Q9QYX7","red"
"1451","Q3UR42","blue"
"1452","Q62261","pink"
"1453","P28798","magenta"
"1454","P14231","red"
"1455","A0A0U1RQ05","blue"
"1456","A0A494BAV2","salmon"
"1457","Q3THK7","black"
"1458","Q9CRB9","black"
"1459","Q8BKX1","magenta"
"1460","A0A140T8J4","red"
"1461","Q80VP0","green"
"1462","Q01063","lightcyan"
"1463","Q5SSL4","salmon"
"1464","A2BH06","salmon"
"1465","P18872","purple"
"1466","P47809","magenta"
"1467","O54962","salmon"
"1468","Q8R1I1","magenta"
"1469","P63328","pink"
"1470","G5E829","blue"
"1471","Q8CBW3","brown"
"1472","S4R2F3","turquoise"
"1473","P31648","red"
"1474","Q9CQZ6","pink"
"1475","P35979","salmon"
"1476","Q9JIS5","green"
"1477","Q5F2C5","pink"
"1478","P70206","pink"
"1479","O54781","red"
"1480","D0VYV6","salmon"
"1481","Q3TU36","turquoise"
"1482","Q9Z1G3","blue"
"1483","O35633","turquoise"
"1484","A0A0R4J0W7","lightcyan"
"1485","P99028","green"
"1486","Q5EBJ4","lightcyan"
"1487","F6SLR4","turquoise"
"1488","Q9R1P4","blue"
"1489","F6VQ81","red"
"1490","A0A2R8VHK1","red"
"1491","P97351","red"
"1492","Q91YR1","pink"
"1493","P99027","turquoise"
"1494","A0A087WP83","red"
"1495","Q9CQB4","brown"
"1496","Q8VD37","black"
"1497","P11499","black"
"1498","P16054","pink"
"1499","F8VPK5","yellow"
"1500","D3Z0V2","salmon"
"1501","Q8BTY5","greenyellow"
"1502","Q8BLF1","black"
"1503","Q9CQZ5","blue"
"1504","Q68FL6","midnightblue"
"1505","E9PZQ9","black"
"1506","D3YZ62","blue"
"1507","E9Q6Z0","blue"
"1508","Q03137","black"
"1509","J3QNM7","brown"
"1510","Q501J6","salmon"
"1511","P50518","pink"
"1512","O55125","tan"
"1513","Q7TSJ2","pink"
"1514","Q8BLQ9","black"
"1515","Q8K183","pink"
"1516","D3YX34","pink"
"1517","A0A494B9U7","blue"
"1518","Q64520","pink"
"1519","P35436","blue"
"1520","P62812","midnightblue"
"1521","F7B6X4","midnightblue"
"1522","Q3V3R1","red"
"1523","A0A494B9D8","red"
"1524","P62746","pink"
"1525","A0A1Y7VL44","blue"
"1526","A0A0G2JGE8","turquoise"
"1527","A0A494","blue"
"1528","Q99J08","pink"
"1529","E9QAN4","black"
"1530","Q8R164","blue"
"1531","P68404","turquoise"
"1532","P97447","black"
"1533","F7C386","red"
"1534","Q9ERT9","tan"
"1535","A0A0U1RQ95","pink"
"1536","Q9D7P6","pink"
"1537","P08226","red"
"1538","P85094","blue"
"1539","P52760","brown"
"1540","D3Z5P0","pink"
"1541","P43023","black"
"1542","Q9DBP5","pink"
"1543","Q4ACU6","grey60"
"1544","P10649","tan"
"1545","E9Q919","blue"
"1546","Q91Z61","red"
"1547","Q9CQM8","midnightblue"
"1548","Q61425","salmon"
"1549","Q8BUN9","blue"
"1550","P60202","salmon"
"1551","D3Z0P6","turquoise"
"1552","Q9CXY6","black"
"1553","D3Z6P1","salmon"
"1554","Q61644","red"
"1555","F8SLP9","black"
"1556","Q8BKX6","blue"
"1557","E0CX61","red"
"1558","P54728","black"
"1559","D3Z7G3","blue"
"1560","Q6ZWQ9","brown"
"1561","Q3TET1","pink"
"1562","Q9DD18","pink"
"1563","Q9CQD4","brown"
"1564","Q8R191","black"
"1565","A2AI78","turquoise"
"1566","A0A0U1RPN1","cyan"
"1567","F6SFF5","black"
"1568","Q810U3","turquoise"
"1569","P51881","pink"
"1570","B1ATI9","red"
"1571","B2RUJ5","red"
"1572","P55264","turquoise"
"1573","Q6PHN9","magenta"
"1574","E9Q3E8","pink"
"1575","P14211","black"
"1576","A2AJA9","black"
"1577","Q8R5J9","tan"
"1578","Q06890","turquoise"
"1579","O70172","grey60"
"1580","Q62095","salmon"
"1581","P62242","tan"
"1582","Q641P0","green"
"1583","Q3UVX5","greenyellow"
"1584","Q8VEM8","black"
"1585","D3YXK2","magenta"
"1586","Q3TYX3","turquoise"
"1587","Q3TQZ7","turquoise"
"1588","Q3UNH4","black"
"1589","Q9Z0F7","black"
"1590","A0A286YCW7","turquoise"
"1591","P51660","lightgreen"
"1592","Q9D7A8","cyan"
"1593","P14152","turquoise"
"1594","Q9Z2I0","black"
"1595","F7CDH3","black"
"1596","Q8JZS0","greenyellow"
"1597","Q9R1T4","black"
"1598","D3Z5R4","pink"
"1599","E9PUC5","yellow"
"1600","A0A1L1SS82","blue"
"1601","P22892","magenta"
"1602","P01837","lightcyan"
"1603","Q9D023","black"
"1604","Q8BH80","black"
"1605","P13595","pink"
"1606","P60487","brown"
"1607","Q8BNW9","black"
"1608","J3QQ30","green"
"1609","Q9WTP7","magenta"
"1610","Q922B1","turquoise"
"1611","Q9QUJ7","pink"
"1612","S4R215","blue"
"1613","Q61301","brown"
"1614","Q8C3Q5","brown"
"1615","Q9DC28","grey60"
"1616","Q9R1T2","blue"
"1617","Q80UG2","turquoise"
"1618","B9EHX4","pink"
"1619","Q32PJ2","blue"
"1620","P31650","green"
"1621","A0A087WNP6","red"
"1622","D3Z0L4","pink"
"1623","Q9CX86","brown"
"1624","E0CXJ3","cyan"
"1625","Q6PHZ2","pink"
"1626","O70310","green"
"1627","H6TMF5","magenta"
"1628","Q0VGU4","blue"
"1629","P63321","turquoise"
"1630","P49442","purple"
"1631","Q61699","black"
"1632","Q8C0M9","black"
"1633","Q8K3H0","turquoise"
"1634","A0A494BAJ6","black"
"1635","Q5XJY5","green"
"1636","Q8QZT1","turquoise"
"1637","P47915","red"
"1638","E9Q1R5","brown"
"1639","E9Q8N5","greenyellow"
"1640","V9GXE4","blue"
"1641","Q8BYI9","black"
"1642","A0A0U1RPY2","magenta"
"1643","Q9WTX5","turquoise"
"1644","Q80Y24","brown"
"1645","Q9CQ75","pink"
"1646","Q9WUM4","red"
"1647","G3X9K4","pink"
"1648","A0A1B0GR44","turquoise"
"1649","A0A0A6YY34","midnightblue"
"1650","P56375","greenyellow"
"1651","P05132","brown"
"1652","A0A1D5RM55","blue"
"1653","Q9JK48","turquoise"
"1654","Q9CX34","green"
"1655","Q02566","turquoise"
"1656","Q8BH95","brown"
"1657","P61021","turquoise"
"1658","D3Z4T6","pink"
"1659","P47857","turquoise"
"1660","P97379","black"
"1661","P10639","turquoise"
"1662","P26638","green"
"1663","P17665","turquoise"
"1664","Q8R361","cyan"
"1665","Q5SYD0","lightcyan"
"1666","G3UYU4","grey60"
"1667","Q9Z0P4","brown"
"1668","Q9DB20","magenta"
"1669","P59017","purple"
"1670","Q5SQX6","brown"
"1671","Q8C878","blue"
"1672","P70349","pink"
"1673","A2BI12","turquoise"
"1674","Q3UV17","lightcyan"
"1675","Q9Z1W9","magenta"
"1676","P62761","yellow"
"1677","D3YYN7","brown"
"1678","Q7TSH8","red"
"1679","Q9CQ54","salmon"
"1680","O08547","yellow"
"1681","P14115","blue"
"1682","Q61016","turquoise"
"1683","Q9CYG7","black"
"1684","P21278","pink"
"1685","F6YP92","black"
"1686","Q9Z0H4","brown"
"1687","Q80VM5","yellow"
"1688","Q9JL56","turquoise"
"1689","Q08642","brown"
"1690","Q99JR1","purple"
"1691","Q9D2M8","blue"
"1692","P60041","black"
"1693","Q9D892","blue"
"1694","D3Z637","black"
"1695","P08228","turquoise"
"1696","E9PYF1","brown"
"1697","Q99K85","salmon"
"1698","Q78YZ6","turquoise"
"1699","E9Q0X0","turquoise"
"1700","A0A087WQU5","green"
"1701","P70168","turquoise"
"1702","Q9CQQ7","black"
"1703","Q8VE47","greenyellow"
"1704","O88507","turquoise"
"1705","O55135","lightgreen"
"1706","A0A0J9YTY0","turquoise"
"1707","Q8BG51","brown"
"1708","O55131","turquoise"
"1709","D3Z7E5","cyan"
"1710","P24288","purple"
"1711","Q9D2N4","magenta"
"1712","Q14BB9","yellow"
"1713","P12961","black"
"1714","A0A1L1SQA8","brown"
"1715","Q3TFP0","brown"
"1716","Q9R0N7","brown"
"1717","P62631","purple"
"1718","A2AEG6","blue"
"1719","A2AFG7","black"
"1720","O88441","pink"
"1721","D3Z5I6","green"
"1722","Q6PER3","green"
"1723","P14094","tan"
"1724","F7BHM8","pink"
"1725","Z4YL78","black"
"1726","P15209","green"
"1727","Q9CZ30","purple"
"1728","F6QH34","blue"
"1729","B2RQS1","greenyellow"
"1730","P56812","pink"
"1731","Q3UHD6","turquoise"
"1732","D6RI64","blue"
"1733","Q9DC70","turquoise"
"1734","H3BLI9","pink"
"1735","Q80WJ7","yellow"
"1736","Q60931","tan"
"1737","Q9QZQ8","black"
"1738","P60766","black"
"1739","Q8BP67","red"
"1740","P16125","tan"
"1741","Q8CGY8","turquoise"
"1742","B8JKK2","brown"
"1743","Q8K0B2","green"
"1744","Q8CHP8","tan"
"1745","G3UXK7","turquoise"
"1746","P34152","purple"
"1747","Q62426","blue"
"1748","Q8BHZ0","brown"
"1749","D3YVF0","turquoise"
"1750","P40201","purple"
"1751","E0CXB2","brown"
"1752","Q9QYG0","yellow"
"1753","Q80UU9","black"
"1754","A2AGI3","brown"
"1755","Q9D0R8","brown"
"1756","A2AWI9","brown"
"1757","A0A0G2JFG4","lightgreen"
"1758","Q8BKE0","turquoise"
"1759","Q8BZA9","black"
"1760","Q80U23","green"
"1761","E9PV24","lightcyan"
"1762","Q8C2Q8","cyan"
"1763","Q9JK42","blue"
"1764","F8WHM5","brown"
"1765","A0A3B2WBC6","purple"
"1766","Q3UPL0","green"
"1767","P61264","purple"
"1768","Q7TQD2","turquoise"
"1769","Q99PL6","black"
"1770","P27661","blue"
"1771","P62082","brown"
"1772","P61294","cyan"
"1773","D3YVB4","brown"
"1774","Q3U556","black"
"1775","Q3UND0","yellow"
"1776","A0A286YE75","greenyellow"
"1777","Q3B7Z2","blue"
"1778","Q8BGC9","yellow"
"1779","Q7TPM6","turquoise"
"1780","Q921M7","cyan"
"1781","Q8CGP1","blue"
"1782","Q3UZI5","black"
"1783","A0A087WSB5","yellow"
"1784","P62274","red"
"1785","Q80T41","yellow"
"1786","P46096","yellow"
"1787","P48758","purple"
"1788","Q9Z1Q9","turquoise"
"1789","Q8VBY2","yellow"
"1790","Q921I1","grey60"
"1791","P34884","yellow"
"1792","A0A2I3BQ74","green"
"1793","A0A1B0GRZ3","purple"
"1794","Q91VA6","blue"
"1795","Q80X80","purple"
"1796","P43024","magenta"
"1797","A0A1L1SSY1","pink"
"1798","Q9D823","green"
"1799","A0A494BBP6","greenyellow"
"1800","D3Z1R9","green"
"1801","D3YZU4","purple"
"1802","Q6DG52","lightgreen"
"1803","Q9DBJ1","greenyellow"
"1804","Q9WV69","turquoise"
"1805","Q91XV3","turquoise"
"1806","A0A0N4SVQ1","grey60"
"1807","Q99KX1","greenyellow"
"1808","Q922D4","turquoise"
"1809","D3Z0S6","yellow"
"1810","H7BX88","turquoise"
"1811","A0A3Q4EC97","blue"
"1812","Q64516","lightgreen"
"1813","Q9ESW4","salmon"
"1814","P43006","brown"
"1815","F7APP3","green"
"1816","P03899","lightgreen"
"1817","F2Z3Z1","turquoise"
"1818","Q60864","brown"
"1819","A0A1D5RM94","purple"
"1820","Q8R071","brown"
"1821","Q9D898","blue"
"1822","O54734","green"
"1823","Q9Z0H8","yellow"
"1824","Q6ZWN5","green"
"1825","P26039","turquoise"
"1826","P26339","greenyellow"
"1827","D3Z7C0","grey60"
"1828","F7CZ64","brown"
"1829","A2AQE4","turquoise"
"1830","Q9DBT5","green"
"1831","Q9DB41","brown"
"1832","Q8C845","tan"
"1833","Q6PDY2","magenta"
"1834","Q9D415","brown"
"1835","Q9CZD3","turquoise"
"1836","Q8CIP4","blue"
"1837","G3UWN9","green"
"1838","Q8BTG7","turquoise"
"1839","E9Q704","tan"
"1840","B1AXY0","salmon"
"1841","Q8CEF1","tan"
"1842","S4R1E5","yellow"
"1843","Q9D0J8","green"
"1844","Q9CR86","salmon"
"1845","Q99L04","brown"
"1846","A0A1D5RLG0","turquoise"
"1847","Q91ZZ3","turquoise"
"1848","Q9D2H5","brown"
"1849","Q8C3W1","black"
"1850","Q8K1M6","yellow"
"1851","E9PWK7","tan"
"1852","Q6A0A9","brown"
"1853","Q8CGF6","turquoise"
"1854","Q91ZJ5","turquoise"
"1855","Q60634","tan"
"1856","Q99L47","turquoise"
"1857","Q00612","grey60"
"1858","Q91X97","tan"
"1859","A0A0J9YVF0","green"
"1860","Q61282","yellow"
"1861","Q9WVA3","brown"
"1862","A2AKJ9","turquoise"
"1863","A2AS47","brown"
"1864","Q9CR95","tan"
"1865","Q66JT0","greenyellow"
"1866","Q3UHG5","brown"
"1867","P52196","greenyellow"
"1868","B2RWC4","greenyellow"
"1869","Q99LP6","brown"
"1870","D3Z396","yellow"
"1871","Q8BVA5","greenyellow"
"1872","Q8CCT4","brown"
"1873","E9PY16","yellow"
"1874","Q3UA72","blue"
"1875","Q3UHK1","black"
"1876","P70451","greenyellow"
"1877","A2AST1","green"
"1878","F7BNZ5","grey60"
"1879","P54227","yellow"
"1880","P42859","turquoise"
"1881","Q9CZC8","purple"
"1882","F6WMY5","brown"
"1883","Q9JKC6","brown"
"1884","Q923T9","turquoise"
"1885","Q6GT24","turquoise"
"1886","Q9EQH3","turquoise"
"1887","A0A0R4J1N9","yellow"
"1888","Q8C8N2","greenyellow"
"1889","P29387","purple"
"1890","P56376","grey60"
"1891","Q8CGP6","magenta"
"1892","P29595","purple"
"1893","Q64523","magenta"
"1894","P28661","tan"
"1895","P09690","brown"
"1896","Q80TJ1","brown"
"1897","E9Q9E0","lightgreen"
"1898","E9Q0I8","purple"
"1899","Q8CD54","turquoise"
"1900","P41105","brown"
"1901","F6RN94","turquoise"
"1902","O08599","yellow"
"1903","Q9DCJ5","turquoise"
"1904","Q8CCN5","yellow"
"1905","F6UK66","purple"
"1906","A2AUE1","brown"
"1907","E9PUL5","tan"
"1908","P28658","brown"
"1909","Q9DCB4","brown"
"1910","Q5U458","green"
"1911","Q99MD8","yellow"
"1912","D3Z1B6","purple"
"1913","A0A286","brown"
"1914","Q9ER00","purple"
"1915","A0A0N4SV74","green"
"1916","F6QA74","turquoise"
"1917","E9Q3T7","purple"
"1918","Q9CY64","brown"
"1919","F6V035","purple"
"1920","Q8K310","green"
"1921","F6QK86","cyan"
"1922","Q8C115","yellow"
"1923","A0A1Y7VLV0","magenta"
"1924","D3YUW2","yellow"
"1925","P27046","turquoise"
"1926","P06837","yellow"
"1927","P03911","turquoise"
"1928","P56379","blue"
"1929","P04264","grey60"
"1930","E9Q7F8","green"
"1931","F8WI64","magenta"
"1932","F6X7Q6","purple"
"1933","Q5DTT2","green"
"1934","A0A0N4SW58","brown"
"1935","P62141","lightgreen"
"1936","G3UZJ8","blue"
"1937","D3Z4A2","turquoise"
"1938","Q5I012","yellow"
"1939","Q811P8","turquoise"
"1940","Q8R404","yellow"
"1941","A0A0G2JDP9","brown"
"1942","Q6V5K9","brown"
"1943","A0A0R4J239","green"
"1944","O35136","greenyellow"
"1945","A0A0A0MQP0","yellow"
"1946","Q8VGY4","green"
"1947","P02089","tan"
"1948","E9Q9F6","yellow"
"1949","P62897","yellow"
"1950","E9Q9C5","brown"
"1951","P35527","grey60"
"1952","P07724","tan"
"1953","Q9Z0P5","yellow"
"1954","Q91VL9","turquoise"
"1955","Q80XH4","purple"
"1956","Q8K0E8","grey60"
"1957","A0A0R4J0X5","tan"
"1958","P02088","tan"
"1959","P52825","purple"
"1960","Q91VB8","tan"
"1961","Q8C7E9","purple"
